op	layer	threads	ops	tps	p50_ms	p95_ms	p99_ms	client_cpu_us	pg_cpu_us	frontend_cpu_us
get	pg	1	109426	21885	0.039	0.074	0.108	15.1	18.6	0.1
get	storage	1	84126	16825	0.047	0.096	0.181	25.6	19.4	0.0
get	tx	1	63871	12774	0.063	0.121	0.239	41.7	21.1	0.2
get	frontend	1	15465	3093	0.232	0.645	1.605	46.6	30.4	331.7
get	pg	4	276880	55376	0.062	0.116	0.179	21.1	25.8	0.1
get	storage	4	244676	48935	0.069	0.120	0.193	30.4	25.3	0.0
get	tx	4	167959	33592	0.086	0.189	0.441	49.4	27.6	0.0
get	frontend	4	70919	14184	0.253	0.427	0.663	49.1	30.3	139.9
put	pg	1	68127	13625	0.065	0.120	0.179	13.5	38.3	0.1
put	storage	1	57326	11465	0.072	0.138	0.206	22.9	39.6	0.0
put	tx	1	9133	1827	0.379	1.102	3.022	280.0	159.9	0.0
put	frontend	1	11252	2250	0.404	0.665	0.902	40.2	144.9	339.5
put	pg	4	144928	28986	0.123	0.213	0.333	19.7	51.7	0.0
put	storage	4	133042	26608	0.131	0.229	0.366	29.6	54.9	0.1
put	tx	4	18588	3718	0.665	2.017	8.426	349.1	219.5	0.0
put	frontend	4	26276	5255	0.576	0.893	1.292	27.4	195.6	212.0
