script	tps	avg_ms	p50_ms	p95_ms	p99_ms	max_ms	count	failed	retried
aggregate	345.844156	2.890	2.799	3.257	4.253	21.647	1383	0	0
cte	458.719839	2.178	2.109	2.470	2.844	14.014	1835	0	0
in_list	647.917973	1.542	1.506	1.714	2.118	10.804	2591	0	0
index_multi	202.081060	4.942	4.799	5.515	6.323	21.073	809	0	0
index_point	289.447455	3.453	3.358	3.867	4.269	15.984	1159	0	0
insert	689.789787	1.448	1.396	1.674	2.024	9.935	2760	0	0
join_fanout	232.330399	4.300	4.161	5.071	6.790	13.666	930	0	0
join_hash	22.058089	45.328	42.643	51.618	145.441	145.441	89	0	0
join_lookup	267.834100	3.731	3.610	4.297	5.048	15.490	1071	0	0
join_one	454.205561	2.200	2.126	2.542	2.912	10.162	1818	0	0
point_get	672.511769	1.485	1.442	1.703	1.998	7.112	2690	0	0
range_scan	468.067220	2.132	2.091	2.356	2.630	10.132	1873	0	0
scan_filter	44.751551	22.341	21.905	37.797	44.232	55.893	180	0	0
set_op	173.500636	5.752	5.254	6.863	10.962	100.835	695	0	0
sort_memory	330.763008	3.020	2.924	3.563	4.181	7.807	1324	0	0
subquery	310.257844	3.220	3.066	3.999	4.929	15.138	1242	0	0
txn_mix	148.863529	6.714	6.191	7.327	21.341	54.390	596	0	0
txn_read	168.404893	5.934	5.772	6.809	8.014	20.281	674	0	0
txn_read_ro	168.256659	5.934	5.764	6.695	7.482	33.763	674	0	0
update_key	463.383807	2.156	2.111	2.375	2.657	6.567	1854	0	0
update_scan	227.653852	4.391	4.296	4.948	5.849	11.690	912	0	0
upsert	458.848737	2.177	2.032	2.435	3.564	27.265	1837	0	0
