script	tps	avg_ms	p50_ms	p95_ms	p99_ms	max_ms	count	failed
aggregate	59974.616458	0.065	0.062	0.094	0.119	1.603	299973	0
cte	64731.866721	0.059	0.055	0.091	0.126	17.535	323898	0
in_list	53036.071509	0.073	0.060	0.115	0.273	14.393	265306	0
index_multi	55851.307710	0.070	0.064	0.110	0.156	2.318	279564	0
index_point	61953.188261	0.063	0.051	0.099	0.214	26.748	310170	0
insert	35456.100045	0.111	0.105	0.151	0.201	12.449	177462	0
join_fanout	43680.455169	0.089	0.086	0.125	0.161	1.595	218709	0
join_hash	20542.388434	0.192	0.162	0.345	0.599	26.474	102802	0
join_lookup	55859.617232	0.070	0.065	0.103	0.141	2.452	279517	0
point_get	71661.197444	0.054	0.051	0.081	0.105	4.730	358750	0
range_scan	60944.843403	0.064	0.055	0.100	0.181	16.299	304985	0
scan_filter	31269.273578	0.126	0.123	0.158	0.189	1.240	156510	0
set_op	49995.302903	0.078	0.074	0.111	0.143	1.653	250131	0
sort_memory	51285.355801	0.076	0.063	0.132	0.261	19.895	256673	0
subquery	46426.438185	0.083	0.063	0.130	0.230	55.127	232401	0
txn_mix	12075.102143	0.328	0.281	0.478	0.891	51.980	60368	0
update_key	29524.065512	0.133	0.112	0.210	0.472	42.839	147627	0
update_scan	19322.428828	0.205	0.183	0.290	0.500	45.769	96675	0
upsert	33052.999492	0.119	0.110	0.174	0.272	17.441	165304	0
